<?xml version="1.0" encoding="ISO-8859-1"?>
<web-app
        xmlns="http://java.sun.com/xml/ns/javaee"
        xmlns:xsi="http://www.w3.org/2001/XMLSchema-instance"
        xsi:schemaLocation="
                    http://java.sun.com/xml/ns/javaee
                    http://java.sun.com/xml/ns/javaee/web-app_3_0.xsd"
        metadata-complete="false"
        version="3.0">

    <servlet>
        <servlet-name>mvc</servlet-name>
        <servlet-class>
            org.springframework.web.servlet.DispatcherServlet
        </servlet-class>
        <load-on-startup>1</load-on-startup>
    </servlet>

    <servlet-mapping>
        <servlet-name>mvc</servlet-name>
        <url-pattern>/mvc/*</url-pattern>
    </servlet-mapping>

</web-app>