<project>
    <modelVersion>4.0.0</modelVersion>
    <groupId>com.wiley</groupId>
    <artifactId>acing-java-interview-example-pom</artifactId>
    <version>1.0</version>
    <packaging>jar</packaging>

    <distributionManagement>
        <repository>
            <id>deployment</id>
            <name>Internal Releases</name>
            <url>
                http://intranet.repo.com/content/repositories/releases/
            </url>
        </repository>
        <snapshotRepository>
            <id>deployment</id>
            <name>Internal Snapshotsx</name>
            <url>
                http://intranet.repo.com/content/repositories/snapshots/
            </url>
        </snapshotRepository>
    </distributionManagement>

    <dependencies>

        <dependency>
            <groupId>commons-io</groupId>
            <artifactId>commons-io</artifactId>
            <version>1.4</version>
        </dependency>
        <dependency>
            <groupId>org.springframework</groupId>
            <artifactId>spring-core</artifactId>
            <version>3.0.0.RELEASE</version>
        </dependency>

        <dependency>
            <groupId>junit</groupId>
            <artifactId>junit</artifactId>
            <version>4.8.2</version>
            <scope>test</scope>
        </dependency>
        <dependency>
            <groupId>org.mockito</groupId>
            <artifactId>mockito-core</artifactId>
            <version>1.9.0</version>
            <scope>test</scope>
        </dependency>
    </dependencies>

    <build>
        <plugins>
            <plugin>
                <groupId>org.apache.maven.plugins</groupId>
                <artifactId>maven-compiler-plugin</artifactId>
                <configuration>
                    <source>1.7</source>
                    <target>1.7</target>
                    <showDeprecation>true</showDeprecation>
                    <showWarnings>true</showWarnings>
                    <fork>true</fork>
                </configuration>
            </plugin>
            <plugin>
                <artifactId>maven-assembly-plugin</artifactId>
                <version>2.4</version>
                <configuration>
                    <finalName>standalone-application</finalName>
                    <descriptorRefs>
                        <descriptorRef>jar-with-dependencies</descriptorRef>
                    </descriptorRefs>
                    <archive>
                        <manifest>
                            <mainClass>
                                com.wiley.javainterviewsexposed.chapter19.MainClass
                            </mainClass>
                        </manifest>
                    </archive>
                </configuration>
                <executions>
                    <execution>
                        <id>make-assembly</id>
                        <phase>package</phase>
                        <goals>
                            <goal>single</goal>
                        </goals>
                    </execution>
                </executions>
            </plugin>
            <plugin>
                <groupId>org.apache.maven.plugins</groupId>
                <artifactId>maven-surefire-plugin</artifactId>
                <configuration>
                    <excludes>
                        <exclude>**/*IntegrationTest.java</exclude>
                    </excludes>
                </configuration>
                <executions>
                    <execution>
                        <id>integration-test</id>
                        <goals>
                            <goal>test</goal>
                        </goals>
                        <phase>integration-test</phase>
                        <configuration>
                            <excludes>
                                <exclude>none</exclude>
                            </excludes>
                            <includes>
                                <include>**/*IntegrationTest.java</include>
                            </includes>
                        </configuration>
                    </execution>
                </executions>
            </plugin>
            <plugin>
                <artifactId>maven-antrun-plugin</artifactId>
                <version>1.7</version>
                <executions>
                    <execution>
                        <phase>deploy</phase>
                        <configuration>
                            <tasks>
                                <exec dir="scripts"
                                      executable="scripts/notify-chat-application.sh"
                                      failonerror="false">
                                </exec>
                            </tasks>
                        </configuration>
                        <goals>
                            <goal>run</goal>
                        </goals>
                    </execution>
                </executions>
            </plugin>
        </plugins>
    </build>
</project>
