<?xml version='1.0' encoding='utf-8'?>
<!DOCTYPE hibernate-configuration PUBLIC
    "-//Hibernate/Hibernate Configuration DTD 3.0//EN"
    "http://hibernate.sourceforge.net/hibernate-configuration-3.0.dtd">

<hibernate-configuration>
    <session-factory>
        <property name="connection.driver_class">
            com.mysql.jdbc.Driver
        </property>
        <property name="connection.url">
            jdbc:mysql://localhost:3306/ticketoffice
        </property>
        <property name="connection.username">nm</property>
        <property name="connection.password">password</property>

        <property name="dialect">
            org.hibernate.dialect.MySQLDialect
        </property>

        <property name="show_sql">true</property>

        <mapping
          resource="com/wiley/javainterviewsexposed/chapter17/Person.hbm.xml"/>
        <mapping
          resource="com/wiley/javainterviewsexposed/chapter17/Ticket.hbm.xml"/>
        <mapping
          resource="com/wiley/javainterviewsexposed/chapter17/Event.hbm.xml"/>
    </session-factory>
</hibernate-configuration>